sentence,sentiment
I absolutely loved this movie,positive
This movie was fantastic,positive
The film was amazing,positive
I really enjoyed the story,positive
The acting was excellent,positive
This was a wonderful experience,positive
I am very happy with the product,positive
The product works perfectly,positive
I would definitely recommend this,positive
The service was excellent,positive
I hated this movie,negative
This movie was terrible,negative
The film was boring,negative
I really disliked the story,negative
The acting was awful,negative
This was a horrible experience,negative
I am very disappointed with the product,negative
The product stopped working,negative
I would not recommend this,negative
The service was terrible,negative